{"time step": [0, 10, 20, 30, 40, 50, 60, 70, 80, 90, 100, 110, 120, 130, 140, 150, 160, 170, 180, 190, 200, 210, 220, 230, 240, 250, 260, 270, 280, 290, 300, 310, 320, 330, 340, 350, 360, 370, 380, 390, 400, 410, 420, 430, 440, 450, 460, 470, 480, 490, 500, 510, 520, 530, 540, 550, 560, 570, 580, 590, 600, 610, 620, 630, 640, 650, 660, 670, 680, 690, 700, 710, 720, 730, 740, 750, 760, 770, 780, 790, 800, 810, 820, 830, 840, 850, 860, 870, 880, 890, 900, 910, 920, 930, 940, 950, 960, 970, 980, 990, 1000, 1010, 1020, 1030, 1040, 1050, 1060, 1070, 1080, 1090, 1100, 1110, 1120, 1130, 1140, 1150, 1160, 1170, 1180, 1190, 1200], "temperature_setpoint": [473.1499867580235, 476.4833166647341, 479.8166465714447, 483.1499764781554, 486.4833063848659, 489.8166362915765, 493.1499661982872, 496.4832961049976, 499.8166260117084, 503.149955918419, 506.4832858251295, 509.8166157318402, 513.1499456385508, 516.4832755452613, 519.8166054519719, 523.1499353586826, 526.4832652653932, 529.8165951721038, 533.1499250788144, 536.483254985525, 539.8165848922356, 543.1499147989462, 546.4832447056568, 549.8165746123674, 553.149904519078, 556.4832344257889, 559.8165643324992, 563.1498942392097, 566.4832241459203, 569.8165540526312, 573.1498839593418, 576.4832138660523, 579.816543772763, 583.1498736794736, 586.4832035861841, 589.8165334928947, 593.1498633996052, 596.4831933063159, 599.8165232130266, 603.1498531197371, 606.4831830264477, 609.8165129331583, 613.1498428398688, 616.4831727465795, 619.8165026532901, 623.1498325600007, 626.4831624667113, 629.816492373422, 633.1498222801326, 636.483152186843, 639.8164820935539, 643.1498120002642, 646.4831419069749, 649.8164718136856, 653.1498017203962, 656.4831316271068, 659.8164615338173, 663.149791440528, 666.4831213472386, 669.8164512539491, 673.1497811606598, 676.4831110673704, 679.8164409740809, 683.1497708807915, 686.4831007875023, 689.8164306942127, 693.1497606009234, 696.4830905076341, 699.8164204143447, 703.1497503210553, 706.483080227766, 709.8164101344764, 713.1497400411871, 716.4830699478974, 719.8163998546083, 723.1497297613189, 726.4830596680295, 729.8163895747401, 733.1497194814507, 736.4830493881612, 739.8163792948718, 743.1497092015825, 746.4830391082933, 749.8163690150036, 753.1496989217143, 756.4830288284251, 759.8163587351355, 763.1496886418461, 766.4830185485567, 769.8163484552673, 773.1496783619777, 776.4830082686886, 779.8163381753992, 783.1496680821097, 786.4829979888204, 789.816327895531, 793.1496578022416, 796.4829877089521, 799.8163176156628, 803.1496475223734, 806.4829774290839, 809.8163073357946, 813.1496372425054, 816.4829671492159, 819.8162970559264, 823.1496269626371, 826.4829568693477, 829.8162867760581, 833.1496166827689, 836.4829465894795, 839.8162764961901, 843.1496064029006, 846.4829363096113, 849.8162662163218, 853.1495961230324, 856.4829260297431, 859.8162559364537, 863.149585843164, 866.4829157498751, 869.8162456565855, 873.149575563296], "conversion": [0.0, 4.230461054306378, 0.2262867805191471, 0.2576451214041597, 0.2979980974988972, 0.3466005085657087, 0.4030550983413428, 0.4674563979122692, 0.5401333773231709, 0.6214406112532322, 0.7116531578243435, 0.8109343804882818, 0.9192826806627364, 1.036604600003777, 1.162864382694651, 1.297652782149439, 1.440921886559732, 1.59238540014649, 1.752360213800797, 1.920952686891297, 2.098122248863443, 2.28443159684617, 2.480426632614363, 2.688119554174839, 2.906548958324995, 3.137634719274751, 3.382643563421883, 3.644146149324068, 3.923324878180534, 4.222757187827908, 4.545231125990901, 4.893660237351294, 5.274861934269548, 5.692461622981659, 6.152303498984413, 6.661641551339126, 7.232250580845767, 7.874656129055202, 8.603021300897407, 9.437645307583164, 10.40283892588062, 11.53104006190663, 12.86622862353809, 14.46938209037063, 16.42826062761928, 18.87509471729516, 22.02357029340513, 26.22774713182597, 32.12324894470873, 40.92324564896782, 54.52018483667433, 72.61416455635704, 86.88682991842929, 93.35523860098088, 96.1042790975616, 97.50644365919146, 98.2731925370826, 98.73247614849636, 99.03669815657432, 99.25523210045594, 99.42056195148716, 99.549147857127, 99.64993226993204, 99.7292083189942, 99.7914744576299, 99.82784042500133, 99.85125631634509, 99.86402980259012, 99.88434542864732, 99.904543994371, 99.92175417984603, 99.93629176969782, 99.94793179397657, 99.95750404118785, 99.96545202149562, 99.97179233912468, 99.97688004336806, 99.98102517968388, 99.98446149888434, 99.98756414526808, 99.9903453555758, 99.99221547842528, 99.9936528768522, 99.9946902410209, 99.9952833694976, 99.99587976511552, 99.99647800173616, 99.99707634852412, 99.99754836413028, 99.99779136230843, 99.99811976752736, 99.9984063374998, 99.998656622931, 99.99886592709652, 99.99903767798082, 99.99919971120032, 99.99930793110548, 99.99940601849848, 99.9994812948816, 99.9995561838666, 99.999612400423, 99.99965875974112, 99.99971246460552, 99.99977879359685, 99.9997978464882, 99.99982011506114, 99.99983615264904, 99.99978031211477, 99.99961858122678, 99.99941858899138, 99.99933942816006, 99.99921087423796, 99.9991354336096, 99.99913083664885, 99.99900584110382, 99.99872802245504, 99.99807637415148, 99.9967825595821, 99.98964175149608, 99.96923401807037, 99.91369464117462], "min_ef_internal": [0.0, 0.9997730640119002, 0.9997465250425888, 0.9997103517163488, 0.9996649226693765, 0.9996106797384215, 0.9995474912756298, 0.9994746150635592, 0.999390917731475, 0.9992950126878464, 0.9991852977353104, 0.999059972851299, 0.9989170445477916, 0.9987542891704216, 0.9985692015954448, 0.9983590703803858, 0.9981208366537764, 0.9978507668235168, 0.9975454461203505, 0.997201156298301, 0.996813552234018, 0.9963771762898124, 0.9958875028112488, 0.9953387126105088, 0.9947239200282936, 0.99403737481083, 0.9932703573303656, 0.9924156766672252, 0.991464048808109, 0.9904081921976062, 0.9892350671916972, 0.9879374829371133, 0.9865039991342384, 0.9849222182456894, 0.9831821199069706, 0.9812712010494016, 0.9791796663591418, 0.9769006763361716, 0.9744237549555714, 0.9717334667534973, 0.9688143066116276, 0.9656455378905048, 0.9621988833267752, 0.9584339424967278, 0.954290593475825, 0.9496748200003848, 0.9444258131017456, 0.9382685294832848, 0.93063552835416, 0.9202026412654724, 0.8766656593353643, 0.7588597266462591, 0.5828454269253519, 0.4159012211580864, 0.3005341839512808, 0.2376454322660882, 0.2032224994142858, 0.1826477355409575, 0.168267980965716, 0.1574301027164526, 0.1485693055852092, 0.1409730407766912, 0.1342822858385161, 0.1282947676638207, 0.1229932501552039, 0.1321795421374946, 0.1648733185020677, 0.169055142821485, 0.1686505041966966, 0.1688535999152419, 0.1695315533749635, 0.1687938406384492, 0.168522068832242, 0.168406658670725, 0.1689123565692447, 0.1695374053974609, 0.1703790307497009, 0.171378723610148, 0.1712511770285048, 0.1699989701782195, 0.1702173749544284, 0.1705944663028319, 0.1710566442009283, 0.1712476827325647, 0.1705286107519058, 0.1716192613550025, 0.171674325996965, 0.1710714797006491, 0.1707568465028189, 0.1705022527618253, 0.1704903228941252, 0.1705648490545044, 0.1707726481098594, 0.1711176210540926, 0.1716211622816447, 0.1722637052727186, 0.1729783463346021, 0.1737086447611381, 0.1733872188623439, 0.1729338968018373, 0.1729199829667376, 0.1729821412446104, 0.1749166173302806, 0.1755837485269131, 0.1771440431290976, 0.1813407732206344, 0.1812861244355772, 0.1792226855768366, 0.1821756585482053, 0.1847729767669388, 0.188068410233568, 0.1869151413831222, 0.1887201029838434, 0.1877891223804215, 0.1890587368442462, 0.1898328723743439, 0.1871553293678311, 0.1904178413982205, 0.1887819242319721, 0.1938359620108605, 0.1891119658068361],